ID,Title,Handle,URL,Price,Compare At Price,Available,Description,Image URL,Ingredients,Keywords,Category,Language
7894891397168,Ultimate Shredded,ultimate-shredded,https://www.ivybears.de/en/products/ultimate-shredded,0,,FALSE,Perfect & chisel your physique! 35 days course of treatment.,https://cdn.shopify.com/s/files/1/0598/4544/3632/files/2026-ultimate-shredded-1.webp?v=1770705792,,,,
7894891003952,Boost Recovery,boost-recovery,https://www.ivybears.de/en/products/boost-recovery,0,,FALSE,Build & restore muscle tissue! 35 days course of treatment.,https://cdn.shopify.com/s/files/1/0598/4544/3632/files/2026-boost-recovery-1.webp?v=1770705770,,,,
7894888906800,Creatine Boost,creatine-boost,https://www.ivybears.de/en/products/creatine-boost,0,,FALSE,Increase in energy & speed! 35 days course of treatment.,https://cdn.shopify.com/s/files/1/0598/4544/3632/files/2026-creatine-boost-1.webp?v=1770705745,,,,
7791726592048,IvyBears Omega 3,ivybears-omega-3-en,https://www.ivybears.de/en/products/ivybears-omega-3-en,18.95,,TRUE,,https://cdn.shopify.com/s/files/1/0598/4544/3632/files/IVY_Packshot_Omega-3_Front_QRcodev2.png?v=1763987873,,,,
7542326984752,Boost Immune & Women's Hair Vitamins - Set of 3,boost-immune-women-s-hair-vitamins-1-en,https://www.ivybears.de/en/products/boost-immune-women-s-hair-vitamins-1-en,71.7,89.7,TRUE,"Feel good, look good & Radiantly beautiful hair – with IVYBEARS®! ✨💖 IVYBEARS® are vegan vitamin gummies , which support your well-being – from the inside out! Whether for your immune system or for radiantly beautiful hair , the specially developed formulas provide you with exactly the nutrients you need. 🛡️ IVYBEARS® BOOST IMMUNE – Your daily immune boost ✔ With Vitamin A, C, D2, E, B vitamins, zinc & Folic acid for strong immune systems. ✔ 100% vegan & yummy – Fruity taste, no added sugar. ✔ Easy to use – No capsules, no tablets – just pure enjoyment! 💆♀️ IVYBEARS® HAIR VITAMINS – For healthy, shiny hair ✔ Highly concentrated biotin & Folic acid for strong hair growth. ✔ Beauty formula developed with experts – Also supports healthy nails. ✔ Naturally & vegan – Without artificial flavors or colors. 👉 Order now & Strengthen your well-being from within! 🚀",https://cdn.shopify.com/s/files/1/0598/4544/3632/files/2026-womens-hair-boost-immune-set-1.webp?v=1769776139,,,,
7542326919216,Boost Immune & Restful Sleep - Set of 3,boost-immune-restful-sleep-1-en,https://www.ivybears.de/en/products/boost-immune-restful-sleep-1-en,81.3,107.7,TRUE,"Feel good, look good & Wake up refreshed – with IVYBEARS®! 🛡️🌙 Being healthy starts from within! IVYBEARS® BOOST IMMUNE Strengthens your immune system with essential vitamins, while IVYBEARS® RESTFUL SLEEP helps you get a restful sleep – completely naturally and without dependency. 💪 IVYBEARS® BOOST IMMUNE – Your daily immune boost ✔ With Vitamin A, C, D2, E, B vitamins, zinc & Folic acid for strong immune systems. ✔ 100% vegan & yummy – Fruity taste, no added sugar. ✔ Easy to use – No capsules, no tablets – just pure enjoyment! 😴 IVYBEARS® RESTFUL SLEEP – Sleep better & wake up relaxed ✔ Melatonin helps you fall asleep faster. ✔ Lemon balm reduces stress & Promotes restful sleep. ✔ Soft & naturally – Without daytime fatigue or habituation effect. 👉 Order now & Optimize your well-being! 🚀",https://cdn.shopify.com/s/files/1/0598/4544/3632/files/2026-boost-immune-restful-sleep-set-3.webp?v=1770258642,,,,
7542326886448,Boost Immune & Restful Sleep - Set of 2,boost-immune-restful-sleep-en,https://www.ivybears.de/en/products/boost-immune-restful-sleep-en,57.6,67.8,TRUE,"Feel good, look good & Wake up refreshed – with IVYBEARS®! 🛡️🌙 Being healthy starts from within! IVYBEARS® BOOST IMMUNE Strengthens your immune system with essential vitamins, while IVYBEARS® RESTFUL SLEEP helps you get a restful sleep – completely naturally and without dependency. 💪 IVYBEARS® BOOST IMMUNE – Your daily immune boost ✔ With Vitamin A, C, D2, E, B vitamins, zinc & Folic acid for strong immune systems. ✔ 100% vegan & yummy – Fruity taste, no added sugar. ✔ Easy to use – No capsules, no tablets – just pure enjoyment! 😴 IVYBEARS® RESTFUL SLEEP – Sleep better & wake up relaxed ✔ Melatonin helps you fall asleep faster. ✔ Lemon balm reduces stress & Promotes restful sleep. ✔ Soft & naturally – Without daytime fatigue or habituation effect. 👉 Order now & Optimize your well-being! 🚀",https://cdn.shopify.com/s/files/1/0598/4544/3632/files/2026-boost-immune-restful-sleep-set-2.webp?v=1770258642,,,,
7542326624304,Restful Sleep & Women's Hair Vitamins - Set of 3,restful-sleep-women-s-hair-vitamins-1-en,https://www.ivybears.de/en/products/restful-sleep-women-s-hair-vitamins-1-en,81.3,107.7,TRUE,"Sleep well & Wake up radiant – with IVYBEARS®! 🌙✨ Restful sleep & Beautiful hair – with the delicious, vegan IVYBEARS® Vitamin Gummies Do you support the body? & Natural beauty from within! 😴 IVYBEARS® RESTFUL SLEEP – For restful nights & refreshed waking up ✔ Melatonin – Helps you fall asleep faster ✔ Lemon balm – Reduces stress & improves sleep quality ✔ Soft & naturally – Without dependency or daytime fatigue 💡 Perfect for anyone who wants better sleep & Wishing for more relaxation! 💆♀️ IVYBEARS® HAIR VITAMINS – For shiny hair & strong nails ✔ Highly concentrated biotin & Folic acid – Promotes hair growth & Hair health ✔ Developed by experts – Also supports healthy, strong nails ✔ 100% vegan & delicious – Without artificial flavors or colors 💡 The ideal combination for beauty while you sleep – simply enjoy. & Feel good! 👉 Order now & Body & Strengthen beauty from within! 🚀",https://cdn.shopify.com/s/files/1/0598/4544/3632/files/2026-restful-sleep--womens-hair-set-1.webp?v=1769774888,,,,
7542326558768,Restful Sleep & Women's Hair Vitamins - Set of 2,restful-sleep-women-s-hair-vitamins-en,https://www.ivybears.de/en/products/restful-sleep-women-s-hair-vitamins-en,61,67.8,TRUE,"Sleep well & Wake up radiant – with IVYBEARS®! 🌙✨ Restful sleep & Beautiful hair – with the delicious, vegan IVYBEARS® Vitamin Gummies Do you support the body? & Natural beauty from within! 😴 IVYBEARS® RESTFUL SLEEP – For restful nights & refreshed waking up ✔ Melatonin – Helps you fall asleep faster ✔ Lemon balm – Reduces stress & improves sleep quality ✔ Soft & naturally – Without dependency or daytime fatigue 💡 Perfect for anyone who wants better sleep & Wishing for more relaxation! 💆‍♀️ IVYBEARS® HAIR VITAMINS – For shiny hair & strong nails ✔ Highly concentrated biotin & Folic acid – Promotes hair growth & Hair health ✔ Developed by experts – Also supports healthy, strong nails ✔ 100% vegan & delicious – Without artificial flavors or colors 💡 The ideal combination for beauty while you sleep – simply enjoy. & Feel good! 👉 Order now & Body & Strengthen beauty from within! 🚀",https://cdn.shopify.com/s/files/1/0598/4544/3632/files/2026-restful-sleep--womens-hair-set-2.webp?v=1769774888,,,,
7542324396080,Vibrant Skin & Women's Hair Vitamins - Set of 3,vibrant-skin-women-s-hair-vitamins-set-of-3,https://www.ivybears.de/en/products/vibrant-skin-women-s-hair-vitamins-set-of-3,81.3,101.7,TRUE,"IVYBEARS® – Beauty from within for skin & Hair! ✨💆♀️ Nourish your skin and hair from the inside out – with the delicious, vegan IVYBEARS® Vitamin Gummies The specially developed beauty formulas provide you with essential nutrients for a radiant complexion and strong hair. 💖 IVYBEARS® VIBRANT SKIN – For the ultimate glow ✔ Collagen & Hyaluronic acid – Supports skin elasticity & moisture ✔ Vitamin B2 (Riboflavin) – Promotes healthy skin & mucous membranes ✔ Vegan & yummy – Without artificial flavors or colors 💡 The simple solution for radiantly beautiful skin – every day! 💆♀️ IVYBEARS® HAIR VITAMINS – For shiny hair & strong nails ✔ Highly concentrated biotin & Folic acid – Promotes hair growth & strengthens nails ✔ Developed by experts – For healthy, full hair ✔ 100% vegan & naturally – Without artificial flavors or colors 💡 The perfect combination for natural beauty – from within! 👉 Order now & Take your beauty routine to the next level! 🚀",https://cdn.shopify.com/s/files/1/0598/4544/3632/files/2026-vibrant-skin-womens-hair-set-1.webp?v=1769774888,,,,
7542321807408,"Vibrant Skin, Boost Immune & Restful Sleep",vibrant-skin-boost-immune-restful-sleep-en,https://www.ivybears.de/en/products/vibrant-skin-boost-immune-restful-sleep-en,47.5,52.85,TRUE,"IVYBEARS® – Beauty, Wellbeing & A restful sleep in a teddy bear! ✨😴 Support your skin, immune system and sleep quality with these delicious, vegan treats. IVYBEARS® Vitamin Gummies – perfectly tailored for your daily well-being. 💖 IVYBEARS® VIBRANT SKIN – For the ultimate glow ✔ Collagen & Hyaluronic acid – Promotes skin elasticity & moisture ✔ Vitamin B2 (Riboflavin) – Supports healthy skin & mucous membranes ✔ Naturally delicious & vegan – Without artificial flavors or colors 💡 The simple solution for radiantly beautiful skin – every day! 🛡️ IVYBEARS® BOOST IMMUNE – Strengthens your immune system ✔ With vitamins A, C, D2, E, B vitamins & zinc – Supports the immune system ✔ Helps the body stay healthy & to remain resilient ✔ Vegan & fruity and delicious – Without artificial additives& 💡 Perfect for a healthy everyday life – energy & Protection from the inside out! 😴 IVYBEARS® RESTFUL SLEEP – Naturally Relax & sleep better ✔ Melatonin – Helps you fall asleep faster ✔ Lemon balm – Reduces stress & improves sleep quality ✔ Soft & naturally – No habituation effect or daytime fatigue 💡 For everyone who wants restful sleep & Wishing you a thoroughly good feeling! 👉 Order now & Optimize your well-being! 🚀",https://cdn.shopify.com/s/files/1/0598/4544/3632/files/2026-vibrant-skin-boost-immune-restful-sleep-set-1.webp?v=1769774888,,,,
7542283173936,"Women's Hair Vitamins, Boost Immune & Restful Sleep",women-s-hair-vitamins-boost-immune-restful-sleep-en,https://www.ivybears.de/en/products/women-s-hair-vitamins-boost-immune-restful-sleep-en,43.95,48.85,TRUE,"IVYBEARS® – Your daily companion for beauty and well-being & restful sleep! ✨💖 With the delicious, vegan IVYBEARS® Vitamin Gummies You support your health, radiant skin, strong hair and restful sleep – naturally from the inside out! 🛡️ IVYBEARS® BOOST IMMUNE – For strong immune systems ✔ With vitamins A, C, D2, E, B vitamins, zinc & Folic acid – Supports the immune system ✔ Helps keep the body healthy & to keep resilient ✔ Vegan & yummy – Fruity taste without artificial additives 💡 Ideal for daily protection & More well-being! 😴 IVYBEARS® RESTFUL SLEEP – Naturally Relax & sleep better ✔ Melatonin – Supports falling asleep quickly without dependency ✔ Lemon balm – Reduces stress & improves sleep quality ✔ Soft & naturally – No habituation effect or daytime fatigue 💡 Perfect for restful nights & Relaxed mornings! 💆♀️ IVYBEARS® WOMEN'S HAIR – For shiny hair & strong nails ✔ Highly concentrated biotin & Folic acid – Promotes hair growth & strengthens nails ✔ Developed by beauty experts – Supports healthy, full hair ✔ 100% vegan & delicious – Without artificial flavors or colors 💡 The perfect beauty addition for visibly healthy hair & Nails! 👉 Order now & Take your well-being to the next level! 🚀",https://cdn.shopify.com/s/files/1/0598/4544/3632/files/2026-womens-hair-boost-immune-restful-sleep-set-1.webp?v=1769774888,,,,
7541932523568,Boost Immune & Women's Hair Set,boost-immune-women-s-hair-vitamins-en,https://www.ivybears.de/en/products/boost-immune-women-s-hair-vitamins-en,28.4,29.9,TRUE,"Feel good, look good & Radiantly beautiful hair – with IVYBEARS®! ✨💖 IVYBEARS® are vegan vitamin gummies , which support your well-being – from the inside out! Whether for your immune system or for radiantly beautiful hair , the specially developed formulas provide you with exactly the nutrients you need. 🛡️ IVYBEARS® BOOST IMMUNE – Your daily immune boost ✔ With Vitamin A, C, D2, E, B vitamins, zinc & Folic acid for strong immune systems. ✔ 100% vegan & yummy – Fruity taste, no added sugar. ✔ Easy to use – No capsules, no tablets – just pure enjoyment! 💆♀️ IVYBEARS® HAIR VITAMINS – For healthy, shiny hair ✔ Highly concentrated biotin & Folic acid for strong hair growth. ✔ Beauty formula developed with experts – Also supports healthy nails. ✔ Naturally & vegan – Without artificial flavors or colors. 👉 Order now & Strengthen your well-being from within! 🚀",https://cdn.shopify.com/s/files/1/0598/4544/3632/files/2026-boost-immune-womens-hair-set-1.webp?v=1770258642,,,,
7541931180080,Boost Immune & Restful Sleep Set,boost-immune-restful-sleep-set-en,https://www.ivybears.de/en/products/boost-immune-restful-sleep-set-en,32,34,TRUE,"Feel good, look good & Wake up refreshed – with IVYBEARS®! 🛡️🌙 Being healthy starts from within! IVYBEARS® BOOST IMMUNE Strengthens your immune system with essential vitamins, while IVYBEARS® RESTFUL SLEEP helps you get a restful sleep – completely naturally and without dependency. 💪 IVYBEARS® BOOST IMMUNE – Your daily immune boost ✔ With Vitamin A, C, D2, E, B vitamins, zinc & Folic acid for strong immune systems. ✔ 100% vegan & yummy – Fruity taste, no added sugar. ✔ Easy to use – No capsules, no tablets – just pure enjoyment! 😴 IVYBEARS® RESTFUL SLEEP – Sleep better & wake up relaxed ✔ Melatonin helps you fall asleep faster. ✔ Lemon balm reduces stress & Promotes restful sleep. ✔ Soft & naturally – Without daytime fatigue or habituation effect. 👉 Order now & Optimize your well-being! 🚀",https://cdn.shopify.com/s/files/1/0598/4544/3632/files/2026-boost-immune-restful-sleep-set-1.webp?v=1770258642,,,,
7541931868208,"Women's Hair, Vibrant Skin & Restful Sleep",women-s-hair-vibrant-skin-restful-sleep-en,https://www.ivybears.de/en/products/women-s-hair-vibrant-skin-restful-sleep-en,47.5,52.85,TRUE,"Gives the skin the ultimate glow effect! IvyBears are vitamin gummy bears that not only look cute but also taste delicious. 𝗜𝗩𝗬𝗕𝗘𝗔𝗥𝗦® VIBRANT SKIN contains the perfect combination of collagen, hyaluronic acid, and riboflavin. Collagen and hyaluronic acid are essential components of our skin, which diminish over the course of our lives. IvyBears Vibrant Skin contains these valuable elements in a particularly high-quality form for easy absorption by the body. We supplement it with riboflavin, the proven vitamin B2, which Promotes healthy skin and mucous membranes. Good night with IvyBears Restful Sleep... Fall asleep peacefully with IvyBears Restful Sleep. Melatonin is a hormone that promotes falling asleep faster without causing daytime drowsiness or dependency. It is complemented by lemon balm, one of the best-known European medicinal plants. Lemon balm can aid sleep by inhibiting the breakdown of the neurotransmitter GABA in the brain. It reduces the effects of chronic stress and sleep problems. Taking lemon balm can have a calming and sleep-promoting effect. Makes your hair shiny and beautiful! IvyBears are vegan hair vitamins for women that not only look cute but also taste delicious. IvyBears contain highly concentrated biotin, folic acid, and numerous other vitamins. And the best part? They also strengthen nails. The complex formula of these vitamin gummies was developed in collaboration with hair and beauty experts and is manufactured in Germany under strict controls. The gummies are naturally delicious, vegan, and contain no artificial flavors or colors.",https://cdn.shopify.com/s/files/1/0598/4544/3632/files/2026-womens-hair-vibrant-skin-restful-sleep-set-1.webp?v=1769774889,,,,
7541932687408,"Women's Hair Vitamins, Vibrant Skin & Boost Immune",women-s-hair-vitamins-vibrant-skin-boost-immune-en,https://www.ivybears.de/en/products/women-s-hair-vitamins-vibrant-skin-boost-immune-en,43.95,48.85,TRUE,"Gives the skin the ultimate glow effect! IvyBears are vitamin gummy bears that not only look cute but also taste delicious. 𝗜𝗩𝗬𝗕𝗘𝗔𝗥𝗦® VIBRANT SKIN contains the perfect combination of collagen, hyaluronic acid, and riboflavin. Collagen and hyaluronic acid are essential components of our skin, which diminish over the course of our lives. IvyBears Vibrant Skin contains these valuable elements in a particularly high-quality form for easy absorption by the body. We supplement it with riboflavin, the proven vitamin B2, which Promotes healthy skin and mucous membranes. Feel good and look good! IVYBEARS are vegan vitamin gummies that not only look cute but also taste delicious. IVYBEARS BOOST IMMUNE is packed with essential vitamins such as vitamins A, D2, C, E, B vitamins, zinc, and folic acid. Vitamins A, D, and C, as well as vitamin B12 and folic acid, contribute to the normal function of the immune system. Makes your hair shiny and beautiful! IvyBears are vegan hair vitamins for women that not only look cute but also taste delicious. IvyBears contain highly concentrated biotin, folic acid, and numerous other vitamins. And the best part? They also strengthen nails. The complex formula of these vitamin gummies was developed in collaboration with hair and beauty experts and is manufactured in Germany under strict controls. The gummies are naturally delicious, vegan, and contain no artificial flavors or colors.",https://cdn.shopify.com/s/files/1/0598/4544/3632/files/2026-womens-hair-vibrant-skin-boost-immune-set-1.webp?v=1769774888,,,,
7589272748080,🎁 Boost Immune (Discount),ivybears-boost-immune-sca_clone_freegift-en,https://www.ivybears.de/en/products/ivybears-boost-immune-sca_clone_freegift-en,0,,TRUE,"This product is used for the app BOGOS: Free gift & Buy X Get Y to work. Please do not delete/edit it while the offers are still running! If you need assistance, please contact us via Livechat in-app or email us at: support@secomapp.com .",https://cdn.shopify.com/s/files/1/0598/4544/3632/files/IVY_Packshot_schattiert_WomensHair-1-1483x15361_1_-min_7b5ee9ef-db0a-4899-a16d-912813702d7a.png?v=1734640044,,,,
7577438552112,IvyBands + Restful Sleep,ivybands-ivybears-restful-sleep-en,https://www.ivybears.de/en/products/ivybands-ivybears-restful-sleep-en,15,,TRUE,,https://cdn.shopify.com/s/files/1/0598/4544/3632/files/IvyBands_IvyBears_Restful_Sleep_1.png?v=1732211322,,,,
7542326657072,"Selflove - Women's Hair, Boost Immune, Restful Sleep, Vibrant Skin Set",selflove-en,https://www.ivybears.de/en/products/selflove-en,40.63,47.8,TRUE,"IVYBEARS® – Beauty, Wellbeing & Restful sleep in one package! 🐻✨ Care for your hair, strengthen your immune system, give your skin a natural glow and sleep better – with these delicious, vegan products. IVYBEARS® Vitamin Gummies Do you support the body? & Beauty from within! 💆‍♀️ IVYBEARS® HAIR VITAMINS – For shiny hair & strong nails ✔ Biotin & Folic acid – Promotes hair growth & strengthens nails ✔ Beauty formula developed with experts – For healthy, beautiful hair ✔ Naturally & yummy – Without artificial flavors or colors 🛡️ IVYBEARS® BOOST IMMUNE – Strengthens your immune system & ✔ Vitamin A, C, D2, E, B vitamins & zinc – Supports your immune system ✔ Promotes the normal function of the immune system ✔ Vegan & fruity and delicious – Without artificial additives ✨ IVYBEARS® VIBRANT SKIN – For radiant skin & the ultimate glow ✔ Collagen & Hyaluronic acid – Supports the skin from within ✔ Riboflavin (Vitamin B2) – Promotes healthy skin & mucous membranes ✔ Easy absorption thanks to high-quality ingredients 😴 IVYBEARS® RESTFUL SLEEP – Naturally better sleep ✔ Melatonin – Supports falling asleep quickly without dependency ✔ Lemon balm – Reduces stress & improves sleep quality ✔ Soft & naturally – No habituation effect or daytime fatigue 💡 The perfect combination for holistic well-being – simply enjoy. & Feel completely at ease! 👉 Order now & your beauty, health & Optimize your sleep quality! 🚀",https://cdn.shopify.com/s/files/1/0598/4544/3632/files/2026-selflove-set-1.webp?v=1769774888,,,,
7542326231088,Vibrant Skin & Restful Sleep,vibrant-skin-restful-sleep-2-en,https://www.ivybears.de/en/products/vibrant-skin-restful-sleep-2-en,36,38,TRUE,"Radiant skin & Restful sleep – with IVYBEARS®! ✨😴 Nourish your skin from within and enjoy restful nights – with these delicious, vegan products. IVYBEARS® Vitamin Gummies You support your well-being in a natural way. 💖 IVYBEARS® VIBRANT SKIN – For the ultimate glow ✔ Collagen & Hyaluronic acid – Supports skin elasticity & moisture balance ✔ Riboflavin (Vitamin B2) – Promotes healthy skin & strong mucous membranes ✔ Vegan & yummy – Without artificial flavors or colors 💡 The perfect complement for radiantly beautiful skin – simply & effective! 😴 IVYBEARS® RESTFUL SLEEP – Naturally Relax & sleep better ✔ Melatonin – Helps you fall asleep faster ✔ Lemon balm – Reduces stress & improves sleep quality ✔ Soft & naturally – No habituation effect or daytime fatigue 💡 For everyone who wants restful sleep & Wishing you beautiful skin! 👉 Order now & Optimize your well-being! 🚀",https://cdn.shopify.com/s/files/1/0598/4544/3632/files/2026-vibrant-skin-restful-sleep-set-3.webp?v=1770258642,,,,
7542326165552,Vibrant Skin & Restful Sleep - Set of 2,vibrant-skin-restful-sleep-1-en,https://www.ivybears.de/en/products/vibrant-skin-restful-sleep-1-en,64.4,75.9,TRUE,"Radiant skin & Restful sleep – with IVYBEARS®! ✨😴 Nourish your skin from within and enjoy restful nights – with these delicious, vegan products. IVYBEARS® Vitamin Gummies You support your well-being in a natural way. 💖 IVYBEARS® VIBRANT SKIN – For the ultimate glow ✔ Collagen & Hyaluronic acid – Supports skin elasticity & moisture balance ✔ Riboflavin (Vitamin B2) – Promotes healthy skin & strong mucous membranes ✔ Vegan & yummy – Without artificial flavors or colors 💡 The perfect complement for radiantly beautiful skin – simply & effective! 😴 IVYBEARS® RESTFUL SLEEP – Naturally Relax & sleep better ✔ Melatonin – Helps you fall asleep faster ✔ Lemon balm – Reduces stress & improves sleep quality ✔ Soft & naturally – No habituation effect or daytime fatigue 💡 For everyone who wants restful sleep & Wishing you beautiful skin! 👉 Order now & Optimize your well-being! 🚀",https://cdn.shopify.com/s/files/1/0598/4544/3632/files/2026-vibrant-skin-restful-sleep-set-2.webp?v=1769774889,,,,
7542326100016,Vibrant Skin & Restful Sleep - Set of 3,vibrant-skin-restful-sleep-en,https://www.ivybears.de/en/products/vibrant-skin-restful-sleep-en,90.9,113.7,TRUE,"Radiant skin & Restful sleep – with IVYBEARS®! ✨😴 Nourish your skin from within and enjoy restful nights – with these delicious, vegan products. IVYBEARS® Vitamin Gummies You support your well-being in a natural way. 💖 IVYBEARS® VIBRANT SKIN – For the ultimate glow ✔ Collagen & Hyaluronic acid – Supports skin elasticity & moisture balance ✔ Riboflavin (Vitamin B2) – Promotes healthy skin & strong mucous membranes ✔ Vegan & yummy – Without artificial flavors or colors 💡 The perfect complement for radiantly beautiful skin – simply & effective! 😴 IVYBEARS® RESTFUL SLEEP – Naturally Relax & sleep better ✔ Melatonin – Helps you fall asleep faster ✔ Lemon balm – Reduces stress & improves sleep quality ✔ Soft & naturally – No habituation effect or daytime fatigue 💡 For everyone who wants restful sleep & Wishing you beautiful skin! 👉 Order now & Optimize your well-being! 🚀",https://cdn.shopify.com/s/files/1/0598/4544/3632/files/2026-vibrant-skin-restful-sleep-set-1.webp?v=1769774888,,,,
7542319841328,Men's Hair - Set of 3,ivybears-mens-hair-set-of-3,https://www.ivybears.de/en/products/ivybears-mens-hair-set-of-3,40.3,44.85,TRUE,"IVYBEARS® MEN'S HAIR – Strong hair, full look! 💪✨ More strength for your hair – from the inside out! IVYBEARS® MEN'S HAIR It was specially developed for men to support hair growth and ensure strong, healthy hair. ✔ With biotin, folic acid & selenium – Promotes hair growth & Hair health ✔ Developed by experts – Highly effective formula for men ✔ Naturally & vegan – Without artificial flavors or colors 💡 For all men who want to strengthen their hair & Want to stay healthy – simple, delicious & effective! 👉 Order now & Strengthen hair from the inside out! 🚀",https://cdn.shopify.com/s/files/1/0598/4544/3632/files/2026-mens-hair-set-1.webp?v=1770258920,,,,
7540869300272,Women's Hair Professional,ivybears-womens-hair-professional-en,https://www.ivybears.de/en/products/ivybears-womens-hair-professional-en,18.95,,TRUE,"IvyBears® Women's Hair Professional Gummy bears for healthy, shiny hair & strong nails Beautiful, strong hair starts from within! IvyBears® Women's Hair Professional contains a highly concentrated beauty formula with biotin (5000 IU). µg per serving), folic acid & Essential vitamins – specially developed for women to promote hair growth and strengthen nails. 💊 5,000 µg biotin + folic acid – For healthy, strong hair growth 💅 It also strengthens the nails – For a thoroughly groomed appearance 🌱 Vegan & Naturally delicious – Without artificial flavors or colors 💡 The perfect daily hair care from within – for visibly more shine & Strength 👉 Order now & Professional support for your hair.",https://cdn.shopify.com/s/files/1/0598/4544/3632/files/2026-professional-womens-hair-1.webp?v=1769572321,,,,
7542326820912,Boost Energy - Set of 3,boost-energy-1-en,https://www.ivybears.de/en/products/boost-energy-1-en,51,56.85,TRUE,"IVYBEARS® BOOST ENERGY – Your power boost for the day! 🚀 More energy, more focus – without capsules or powders! IVYBEARS® BOOST ENERGY contain high-dose taurine, caffeine, vitamin B6 and B12 for maximum performance. ✔ energy & focus – Supports your energy metabolism. ✔ Mental Performance – Promotes brain function & It helps against fatigue. ✔ Yummy & Effective – Fruity gummy bears for a quick boost. 👉 Order now & Recharge your batteries!",https://cdn.shopify.com/s/files/1/0598/4544/3632/files/2026-boost-energy-set-1.webp?v=1769775611,,,,
7540869038128,Boost Energy,ivybears-boost-energy-en,https://www.ivybears.de/en/products/ivybears-boost-energy-en,18.95,,TRUE,"IVYBEARS® BOOST ENERGY – Your power boost for the day! 🚀 More energy, more focus – without capsules or powders! IVYBEARS® BOOST ENERGY contain high-dose taurine, caffeine, vitamin B6 and B12 for maximum performance. ✔ energy & focus – Supports your energy metabolism. ✔ Mental Performance – Promotes brain function & It helps against fatigue. ✔ Yummy & Effective – Fruity gummy bears for a quick boost. 👉 Order now & Recharge your batteries!",https://cdn.shopify.com/s/files/1/0598/4544/3632/files/2026-boost-energy-1.webp?v=1769571814,,,,
7542326755376,Stress Relief - Set of 3,stress-relief-1-en,https://www.ivybears.de/en/products/stress-relief-1-en,51,56.85,TRUE,"IVYBEARS® STRESS RELIEF – Your natural helper for more balance & Relaxation! 🌿✨ Do you often feel stressed and overwhelmed? Our everyday lives are hectic, full of obligations and constant stimuli. IVYBEARS® STRESS RELIEF It was developed to support body and mind during stressful times – completely natural and delicious! ✔ With lactium, L-theanine & Lemon balm – Supports relaxation & inner peace ✔ Helps reduce stress symptoms – Without fatigue or dependence ✔ 100% vegan & naturally – Without artificial flavors or colors 💡 The ideal support for your everyday life – more serenity, more well-being! 👉 Order now & Reduce stress naturally! 🚀",https://cdn.shopify.com/s/files/1/0598/4544/3632/files/2026-stress-relief-set-1.webp?v=1770257976,,,,
7550068097072,Superpower Kids - Set of 3,superpower-kids-set-of-3,https://www.ivybears.de/en/products/superpower-kids-set-of-3,40.3,44.85,TRUE,"IVYBEARS® SUPERPOWER KIDS – The delicious vitamin gummies for strong children! 🦸♂️🍓 Growing up healthy has never been so delicious! IVYBEARS® SUPERPOWER KIDS provides your child with important Vitamins & minerals& – perfectly suited to everyday needs. ✔ With vitamins A, B2, B6, C, D2, E & more – Supports growth & immune system ✔ Only 2 gummy bears per day – The simple & A delicious way to enjoy vitamins ✔ Vegan & naturally – Without artificial flavors or colors 💡 The smart vitamin solution for parents – the healthy supplement that kids enjoy! 👉 Order now & Give your child a healthy vitamin boost! 🚀",https://cdn.shopify.com/s/files/1/0598/4544/3632/files/2026-superpower-kids-set-2.webp?v=1770258907,,,,
7550052630576,Superpower Kids - Set of 2,superpower-kids-en,https://www.ivybears.de/en/products/superpower-kids-en,28.4,29.9,TRUE,"IVYBEARS® SUPERPOWER KIDS – The delicious vitamin gummies for strong children! 🦸♂️🍓 Growing up healthy has never been so delicious! IVYBEARS® SUPERPOWER KIDS provides your child with important Vitamins & minerals& – perfectly suited to everyday needs. ✔ With vitamins A, B2, B6, C, D2, E & more – Supports growth & immune system ✔ Only 2 gummy bears per day – The simple & A delicious way to enjoy vitamins ✔ Vegan & naturally – Without artificial flavors or colors 💡 The smart vitamin solution for parents – the healthy supplement that kids enjoy! 👉 Order now & Give your child a healthy vitamin boost! 🚀",https://cdn.shopify.com/s/files/1/0598/4544/3632/files/2026-superpower-kids-set-1.webp?v=1770258930,,,,
7540709720112,Women's Hair Vitamin Bears,ivybears-womens-hair-vitamins,https://www.ivybears.de/en/products/ivybears-womens-hair-vitamins,14.95,,TRUE,"IvyBears® Women's Hair Gummy bears for beautiful hair & strong nails Nourish yourself from the inside out – with biotin and folic acid & Vitamins. For strong hair, firm nails and a natural glow. 💆♀️ Biotin & Folic acid – Promotes hair growth 💅 Strengthens the nails – For a well-groomed appearance 🧪 Developed by experts Made in Germany 🌱 Vegan & yummy – Without artificial additives 💡 Perfect for your daily beauty routine 👉 Order now & Feel naturally beautiful",https://cdn.shopify.com/s/files/1/0598/4544/3632/files/2026-womens-hair-1.webp?v=1769522022,,,,
7541931606064,Boost Immune - Set of 3,boost-immune-set-of-3,https://www.ivybears.de/en/products/boost-immune-set-of-3,40.3,44.85,TRUE,"IVYBEARS® BOOST IMMUNE – Your daily immune boost! 🛡️ Strengthen your immune system in a delicious way! IVYBEARS® BOOST IMMUNE are vegan vitamin gummies , packed with Vitamin A, C, D2, E, B vitamins, zinc & Folic acid – perfect for your immune system. ✔ Supporting the immune system – With vitamins A, C, D & Zinc. ✔ 100% vegan & delicious – No added sugar, no artificial colors. ✔ Simply & practical – No need to swallow pills, just enjoy! 👉 Order now & Boost your immune system!",https://cdn.shopify.com/s/files/1/0598/4544/3632/files/2026-boost-immune-set-2.webp?v=1770258642,,,,
7542321545264,Restful Sleep - Set of 2,restful-sleep-set-of-2,https://www.ivybears.de/en/products/restful-sleep-set-of-2,36,37.9,TRUE,"IVYBEARS® RESTFUL SLEEP – Naturally better sleep! 🌙✨ Fall asleep peacefully & Wake up refreshed – with IVYBEARS® RESTFUL SLEEP These delicious Sleep gummy bears combine Melatonin & Lemon balm , to help you fall asleep faster and sleep better in a natural way. ✔ Melatonin – Supports falling asleep quickly ✔ Lemon balm – Promotes relaxation & reduces stress ✔ Soft & naturally – No habituation effect, no daytime fatigue ✔ Vegan & yummy – Without artificial flavors or colors 💡 Perfect for anyone who wants to improve their sleep & want to feel refreshed in the morning! 👉 Order now & Finally, better sleep! 😴🚀",https://cdn.shopify.com/s/files/1/0598/4544/3632/files/2026-restful-sleep-set-1.webp?v=1769775395,,,,
7541931900976,Boost Immune - Set of 4,boost-immune-1-en,https://www.ivybears.de/en/products/boost-immune-1-en,50,59.8,TRUE,"IVYBEARS® BOOST IMMUNE – Your daily immune boost! 🛡️ Strengthen your immune system in a delicious way! IVYBEARS® BOOST IMMUNE are vegan vitamin gummies , packed with Vitamin A, C, D2, E, B vitamins, zinc & Folic acid – perfect for your immune system. ✔ Supporting the immune system – With vitamins A, C, D & Zinc. ✔ 100% vegan & delicious – No added sugar, no artificial colors. ✔ Simply & practical – No need to swallow pills, just enjoy! 👉 Order now & Boost your immune system!",https://cdn.shopify.com/s/files/1/0598/4544/3632/files/2026-boost-immune-set-3.webp?v=1770258642,,,,
7541930885168,Boost Immune - Set of 2,boost-immune-en,https://www.ivybears.de/en/products/boost-immune-en,28.4,29.9,TRUE,"IVYBEARS® BOOST IMMUNE – Your daily immune boost! 🛡️ Strengthen your immune system in a delicious way! IVYBEARS® BOOST IMMUNE are vegan vitamin gummies , packed with Vitamin A, C, D2, E, B vitamins, zinc & Folic acid – perfect for your immune system. ✔ Supporting the immune system – With vitamins A, C, D & Zinc. ✔ 100% vegan & delicious – No added sugar, no artificial colors. ✔ Simply & practical – No need to swallow pills, just enjoy! 👉 Order now & Boost your immune system!",https://cdn.shopify.com/s/files/1/0598/4544/3632/files/2026-boost-immune-set-1.webp?v=1770258642,,,,
7542327017520,Vibrant Skin - Set of 2,copy-of-vibrant-skin-en,https://www.ivybears.de/en/products/copy-of-vibrant-skin-en,36,37.9,TRUE,"IVYBEARS® VIBRANT SKIN – For the ultimate glow from within! ✨💖 Radiant, beautiful skin starts from within! IVYBEARS® VIBRANT SKIN combined high-quality collagen, hyaluronic acid & Riboflavin (Vitamin B2) , to provide your skin with essential nutrients – for a fresh, healthy glow. ✔  &Collagen & Hyaluronic acid – Supports skin elasticity & moisture balance ✔ Vitamin B2 (Riboflavin) – Promotes healthy skin & strong mucous membranes ✔ Yummy & naturally – Vegan, without artificial flavors or colors 💡 The simple & A delicious solution for a fresh complexion – every day! 👉 Order now & Make your skin glow! 🚀",https://cdn.shopify.com/s/files/1/0598/4544/3632/files/2026-vibrant-skin-set-1.webp?v=1769775695,,,,
7542326493232,Restful Sleep - Set of 6,restful-sleep-1-en,https://www.ivybears.de/en/products/restful-sleep-1-en,90.95,113.7,TRUE,"IVYBEARS® RESTFUL SLEEP – Naturally better sleep! 🌙✨ Fall asleep peacefully & Wake up refreshed – with IVYBEARS® RESTFUL SLEEP These delicious Sleep gummy bears combine Melatonin & Lemon balm , to help you fall asleep faster and sleep better in a natural way. ✔ Melatonin – Supports falling asleep quickly ✔ Lemon balm – Promotes relaxation & reduces stress ✔ Soft & naturally – No habituation effect, no daytime fatigue ✔ Vegan & yummy – Without artificial flavors or colors 💡 Perfect for anyone who wants to improve their sleep & want to feel refreshed in the morning! 👉 Order now & Finally, better sleep! 😴🚀",https://cdn.shopify.com/s/files/1/0598/4544/3632/files/2026-restful-sleep-set-4.webp?v=1769775516,,,,
7542326427696,Vibrant Skin - Set of 3,vibrant-skin-3-en,https://www.ivybears.de/en/products/vibrant-skin-3-en,51.1,56.85,TRUE,"IVYBEARS® VIBRANT SKIN – For the ultimate glow from within! ✨💖 Radiant, beautiful skin starts from within! IVYBEARS® VIBRANT SKIN combined high-quality collagen, hyaluronic acid & Riboflavin (Vitamin B2) , to provide your skin with essential nutrients – for a fresh, healthy glow. ✔  &Collagen & Hyaluronic acid – Supports skin elasticity & moisture balance ✔ Vitamin B2 (Riboflavin) – Promotes healthy skin & strong mucous membranes ✔ Yummy & naturally – Vegan, without artificial flavors or colors 💡 The simple & A delicious solution for a fresh complexion – every day! 👉 Order now & Make your skin glow! 🚀",https://cdn.shopify.com/s/files/1/0598/4544/3632/files/2026-vibrant-skin-set-2.webp?v=1769775713,,,,
7542326362160,Vibrant Skin - Set of 4,vibrant-skin-2-en,https://www.ivybears.de/en/products/vibrant-skin-2-en,64.5,75.8,TRUE,"IVYBEARS® VIBRANT SKIN – For the ultimate glow from within! ✨💖 Radiant, beautiful skin starts from within! IVYBEARS® VIBRANT SKIN combined high-quality collagen, hyaluronic acid & Riboflavin (Vitamin B2) , to provide your skin with essential nutrients – for a fresh, healthy glow. ✔  &Collagen & Hyaluronic acid – Supports skin elasticity & moisture balance ✔ Vitamin B2 (Riboflavin) – Promotes healthy skin & strong mucous membranes ✔ Yummy & naturally – Vegan, without artificial flavors or colors 💡 The simple & A delicious solution for a fresh complexion – every day! 👉 Order now & Make your skin glow! 🚀",https://cdn.shopify.com/s/files/1/0598/4544/3632/files/2026-vibrant-skin-set-3.webp?v=1769775736,,,,
7542326296624,Vibrant Skin - Set of 6,vibrant-skin-1-en,https://www.ivybears.de/en/products/vibrant-skin-1-en,90.95,113.7,TRUE,"IVYBEARS® VIBRANT SKIN – For the ultimate glow from within! ✨💖 Radiant, beautiful skin starts from within! IVYBEARS® VIBRANT SKIN combined high-quality collagen, hyaluronic acid & Riboflavin (Vitamin B2) , to provide your skin with essential nutrients – for a fresh, healthy glow. ✔  &Collagen & Hyaluronic acid – Supports skin elasticity & moisture balance ✔ Vitamin B2 (Riboflavin) – Promotes healthy skin & strong mucous membranes ✔ Yummy & naturally – Vegan, without artificial flavors or colors 💡 The simple & A delicious solution for a fresh complexion – every day! 👉 Order now & Make your skin glow! 🚀",https://cdn.shopify.com/s/files/1/0598/4544/3632/files/2026-vibrant-skin-set-4.webp?v=1769775756,,,,
7542323445808,Restful Sleep - Set of 4,restful-sleep-set-of-4,https://www.ivybears.de/en/products/restful-sleep-set-of-4,64.4,75.8,TRUE,"IVYBEARS® RESTFUL SLEEP – Naturally better sleep! 🌙✨ Fall asleep peacefully & Wake up refreshed – with IVYBEARS® RESTFUL SLEEP These delicious Sleep gummy bears combine Melatonin & Lemon balm , to help you fall asleep faster and sleep better in a natural way. ✔ Melatonin – Supports falling asleep quickly ✔ Lemon balm – Promotes relaxation & reduces stress ✔ Soft & naturally – No habituation effect, no daytime fatigue ✔ Vegan & yummy – Without artificial flavors or colors 💡 Perfect for anyone who wants to improve their sleep & want to feel refreshed in the morning! 👉 Order now & Finally, better sleep! 😴🚀",https://cdn.shopify.com/s/files/1/0598/4544/3632/files/2026-restful-sleep-set-3.webp?v=1769775500,,,,
7542322561072,Restful Sleep - Set of 3,restful-sleep-set-of-3,https://www.ivybears.de/en/products/restful-sleep-set-of-3,51.1,56.85,TRUE,"IVYBEARS® RESTFUL SLEEP – Naturally better sleep! 🌙✨ Fall asleep peacefully & Wake up refreshed – with IVYBEARS® RESTFUL SLEEP These delicious Sleep gummy bears combine Melatonin & Lemon balm , to help you fall asleep faster and sleep better in a natural way. ✔ Melatonin – Supports falling asleep quickly ✔ Lemon balm – Promotes relaxation & reduces stress ✔ Soft & naturally – No habituation effect, no daytime fatigue ✔ Vegan & yummy – Without artificial flavors or colors 💡 Perfect for anyone who wants to improve their sleep & want to feel refreshed in the morning! 👉 Order now & Finally, better sleep! 😴🚀",https://cdn.shopify.com/s/files/1/0598/4544/3632/files/2026-restful-sleep-set-2.webp?v=1769775476,,,,
7542320529456,Women's Hair Vitamins - sets of 6,women-s-hair-vitamins-sets-of-6,https://www.ivybears.de/en/products/women-s-hair-vitamins-sets-of-6,71.7,90,TRUE,"IVYBEARS® WOMEN'S HAIR – For healthy, shiny hair & Strong nails! ✨💆♀️ Support your hair growth naturally! IVYBEARS® WOMEN'S HAIR provides a highly effective Combination of biotin, folic acid & essential vitamins , which was specially developed for women to strengthen hair and nails. ✔ Highly concentrated biotin & Folic acid – Promotes healthy, strong hair growth ✔ It also strengthens the nails – For a well-groomed appearance ✔ Developed by experts – Produced in Germany under strict controls ✔ Vegan & Naturally delicious – Without artificial flavors or colors 💡 The perfect addition to your daily beauty routine – for full, shiny hair! 👉 Order now & Strengthen your hair from the inside out! 🚀",https://cdn.shopify.com/s/files/1/0598/4544/3632/files/2026-womens-hair-set-4.webp?v=1769775265,,,,
7542319808560,Women's Hair Vitamins - Set of 3,women-s-hair-vitamins-set-of-3,https://www.ivybears.de/en/products/women-s-hair-vitamins-set-of-3,40.3,44.85,TRUE,"IVYBEARS® WOMEN'S HAIR – For healthy, shiny hair & Strong nails! ✨💆‍♀️ Support your hair growth naturally! IVYBEARS® WOMEN'S HAIR provides a highly effective Combination of biotin, folic acid & essential vitamins , which was specially developed for women to strengthen hair and nails. ✔ Highly concentrated biotin & Folic acid – Promotes healthy, strong hair growth ✔ It also strengthens the nails – For a well-groomed appearance ✔ Developed by experts – Produced in Germany under strict controls ✔ Vegan & Naturally delicious – Without artificial flavors or colors 💡 The perfect addition to your daily beauty routine – for full, shiny hair! 👉 Order now & Strengthen your hair from the inside out! 🚀",https://cdn.shopify.com/s/files/1/0598/4544/3632/files/2026-womens-hair-set-2.webp?v=1769775171,,,,
7542319120432,Women's Hair Vitamins - Set of 2,women-s-hair-vitamins-set-of-2,https://www.ivybears.de/en/products/women-s-hair-vitamins-set-of-2,28.4,29.9,TRUE,"IVYBEARS® WOMEN'S HAIR – For healthy, shiny hair & Strong nails! ✨💆♀️ Support your hair growth naturally! IVYBEARS® WOMEN'S HAIR provides a highly effective Combination of biotin, folic acid & essential vitamins , which was specially developed for women to strengthen hair and nails. ✔ Highly concentrated biotin & Folic acid – Promotes healthy, strong hair growth ✔ It also strengthens the nails – For a well-groomed appearance ✔ Developed by experts – Produced in Germany under strict controls ✔ Vegan & Naturally delicious – Without artificial flavors or colors 💡 The perfect addition to your daily beauty routine – for full, shiny hair! 👉 Order now & Strengthen your hair from the inside out! 🚀",https://cdn.shopify.com/s/files/1/0598/4544/3632/files/2026-womens-hair-set-1.webp?v=1769774940,,,,
7542314926128,Women's Hair Vitamins - Set of 4,women-s-hair-vitamins-set-of-4,https://www.ivybears.de/en/products/women-s-hair-vitamins-set-of-4,51,60,TRUE,"IVYBEARS® WOMEN'S HAIR – For healthy, shiny hair & Strong nails! ✨💆♀️ Support your hair growth naturally! IVYBEARS® WOMEN'S HAIR provides a highly effective Combination of biotin, folic acid & essential vitamins , which was specially developed for women to strengthen hair and nails. ✔ Highly concentrated biotin & Folic acid – Promotes healthy, strong hair growth ✔ It also strengthens the nails – For a well-groomed appearance ✔ Developed by experts – Produced in Germany under strict controls ✔ Vegan & Naturally delicious – Without artificial flavors or colors 💡 The perfect addition to your daily beauty routine – for full, shiny hair! 👉 Order now & Strengthen your hair from the inside out! 🚀",https://cdn.shopify.com/s/files/1/0598/4544/3632/files/2026-womens-hair-set-3.webp?v=1769775308,,,,
7540874051632,Stress relief,ivybears-stress-relief-en,https://www.ivybears.de/en/products/ivybears-stress-relief-en,18.95,,TRUE,"IVYBEARS® STRESS RELIEF – Your natural helper for more balance & Relaxation! 🌿✨ Do you often feel stressed and overwhelmed? Our everyday lives are hectic, full of obligations and constant stimuli. IVYBEARS® STRESS RELIEF It was developed to support body and mind during stressful times – completely natural and delicious! ✔ With lactium, L-theanine & Lemon balm – Supports relaxation & inner peace ✔ Helps reduce stress symptoms – Without fatigue or dependence ✔ 100% vegan & naturally – Without artificial flavors or colors 💡 The ideal support for your everyday life – more serenity, more well-being! 👉 Order now & Reduce stress naturally! 🚀",https://cdn.shopify.com/s/files/1/0598/4544/3632/files/2026-stress-relief-1.webp?v=1769571997,,,,
7540869169200,Vibrant skin,ivybears-vibrant-skin-en,https://www.ivybears.de/en/products/ivybears-vibrant-skin-en,18.95,,TRUE,"IVYBEARS® VIBRANT SKIN – For the ultimate glow from within! ✨💖 Radiant, beautiful skin starts from within! IVYBEARS® VIBRANT SKIN combined high-quality collagen, hyaluronic acid & Riboflavin (Vitamin B2) , to provide your skin with essential nutrients – for a fresh, healthy glow. ✔  &Collagen & Hyaluronic acid – Supports skin elasticity & moisture balance ✔ Vitamin B2 (Riboflavin) – Promotes healthy skin & strong mucous membranes ✔ Yummy & naturally – Vegan, without artificial flavors or colors 💡 The simple & A delicious solution for a fresh complexion – every day! 👉 Order now & Make your skin glow! 🚀",https://cdn.shopify.com/s/files/1/0598/4544/3632/files/2026-vibrant-skin-1.webp?v=1769571929,,,,
7540869201968,Superpower kids,ivybears-superpower-kids-en,https://www.ivybears.de/en/products/ivybears-superpower-kids-en,14.95,,TRUE,"IVYBEARS® SUPERPOWER KIDS – The delicious vitamin gummies for strong children! 🦸‍♂️🍓 Growing up healthy has never been so delicious! &IVYBEARS® SUPERPOWER KIDS provides your child with important Vitamins & minerals – perfectly suited to everyday needs. ✔ With vitamins A, B2, B6, C, D2, E & more – Supports growth & immune system ✔ Only 2 gummy bears per day – The simple & A delicious way to enjoy vitamins ✔ Vegan & naturally – Without artificial flavors or colors 💡 The smart vitamin solution for parents – the healthy supplement that kids enjoy! 👉 Order now & Give your child a healthy vitamin boost! 🚀",https://cdn.shopify.com/s/files/1/0598/4544/3632/files/2026-superpower-kids-1.webp?v=1769571858,,,,
7540869234736,Protein boost,ivybears-protein-boost-en,https://www.ivybears.de/en/products/ivybears-protein-boost-en,49.95,,TRUE,"IVYBEARS® PROTEIN BOOST – The tastiest way to more power & Muscles! 💪🍓 Maximize your muscle strength and endurance with IVYBEARS® PROTEIN BOOST – the innovative Protein gummy bears with an exceptionally high protein content. Each gummy bear provides 5g of high-quality protein. from various sources and is enriched with essential vitamins & Enriched with BCAAs. ✔ 5g of protein per gummy bear – Supports muscle growth & Muscle maintenance ✔ With vitamin B6 & B12 – Promotes energy metabolism & reduces fatigue ✔ BCAAs for maximum performance – Directly available to your muscles ✔ Naturally & yummy – Without artificial flavors or colors 💡 Developed with Bodybuilders & Fitness experts Produced in Germany to the highest quality standards. Perfect for your fitness routine – whether for muscle building, recovery, or more energy in everyday life! 👉 Order now & Enjoy your protein boost! 🚀",https://cdn.shopify.com/s/files/1/0598/4544/3632/files/2026-protein-boost-1.webp?v=1769572198,,,,
7540869136432,Restful sleep,ivybears-restful-sleep-en,https://www.ivybears.de/en/products/ivybears-restful-sleep-en,18.95,,TRUE,"IVYBEARS® RESTFUL SLEEP – Naturally better sleep! 🌙✨ Fall asleep peacefully & Wake up refreshed – with IVYBEARS® RESTFUL SLEEP These delicious Sleep gummy bears combine Melatonin & Lemon balm , to help you fall asleep faster and sleep better in a natural way. ✔ Melatonin – Supports falling asleep quickly ✔ Lemon balm – Promotes relaxation & reduces stress ✔ Soft & naturally – No habituation effect, no daytime fatigue ✔ Vegan & yummy – Without artificial flavors or colors 💡 Perfect for anyone who wants to improve their sleep & want to feel refreshed in the morning! 👉 Order now & Finally, better sleep! 😴🚀",https://cdn.shopify.com/s/files/1/0598/4544/3632/files/2026-restful-sleep-1.webp?v=1769571723,,,,
7540869070896,Boost Tan,ivybears-boost-tan-en,https://www.ivybears.de/en/products/ivybears-boost-tan-en,18.95,,TRUE,"IvyBears® Boost Tan Gummy bears for a sun-kissed complexion – all year round Nourish your skin from within – with beta-carotene and vitamins. & Zinc. For a sun-kissed complexion, radiant skin and a healthy glow – all year round. 🌞 Beta-carotene from carrots – Supports natural tanning 🧴 Vitamins A, C, D & E + Zinc – For healthy skin & UV protection from the inside 🌱 Vegan & yummy - Without artificial flavors or colors 💡 Perfect for your daily glow routine 👉 Order now & Radiate health",https://cdn.shopify.com/s/files/1/0598/4544/3632/files/2026-boost-tan-1.webp?v=1769572048,,,,
7540869005360,Boost Immune,ivybears-boost-immune-en,https://www.ivybears.de/en/products/ivybears-boost-immune-en,14.95,,TRUE,"IvyBears® Boost Immune Gummy bears for a strong immune system – every day Strengthen your immune system from within – with vitamins, zinc & Folic acid. For increased resilience, energy, and well-being. 🛡️ Vitamins A, C, D2, E & B-complex – Support your immune system 🔬 zinc & Folic acid – For cell protection & energy 🧪 Developed by experts – Made in Germany 🌱 100% vegan & yummy - No added sugar & artificial dyes 💡 Perfect for your daily health routine 👉 Order now & A strong start!",https://cdn.shopify.com/s/files/1/0598/4544/3632/files/2026-boost-immune-1.webp?v=1769571536,,,,
7540868907056,Men's Hair,ivybears-mens-hair-vitamins-en,https://www.ivybears.de/en/products/ivybears-mens-hair-vitamins-en,14.95,,TRUE,"IVYBEARS® MEN'S HAIR – Strong hair, full look! 💪✨ More strength for your hair – from the inside out! IVYBEARS® MEN'S HAIR It was specially developed for men to support hair growth and ensure strong, healthy hair. ✔ With biotin, folic acid & selenium – Promotes hair growth & Hair health ✔ Developed by experts – Highly effective formula for men ✔ Naturally & vegan – Without artificial flavors or colors 💡 For all men who want to strengthen their hair & Want to stay healthy – simple, delicious & effective! 👉 Order now & Strengthen hair from the inside out! 🚀",https://cdn.shopify.com/s/files/1/0598/4544/3632/files/2026-mens-hair-1.webp?v=1769572256,,,,
1772786412,IVYBEARS® OMEGA 3,ivybears-omega-3,https://www.ivybears.de/en/products/omega-3,19.90,,TRUE,"IVYBEARS® OMEGA 3 vegan gummies are a delicious and effective way to get your daily dose of essential Omega-3 fatty acids, without the fishy taste. Formulated with microalgae oil, a pure and precious vegan source of essential Omega-3 fatty acids (DHA & EPA). Supports brain, heart & eye health. 100% Vegan, No added artificial colors, no flavourings, no added preservatives, free of titanium dioxides.",https://www.ivybears.de/cdn/shop/files/2026-omega3-1-1_800x.webp?v=1772004304,"Glucose Syrup, Sugar, 20% Apple Juice from Apple Juice Concentrate, 6.5% Oil from the Microalgae Schizochytrium sp., Gelling Agent: Pectin, Acid: Citric Acid, Acidity Regulator: Potassium Citrate, Natural Flavours, Herbs, Colouring Concentrate from Carrot, Pumpkin; Emulsifier: Lecithin, Glazing Agent: Carnauba Wax.","omega 3, vegan, brain health, heart health, eye health, dha, epa, algae oil",Health,en
1772786413,IVYBEARS® BOOST BRIGHTENING UNLOCK,ivybears-boost-brightening-unlock,https://www.ivybears.de/en/products/boost-brightening-advance,99.91,,TRUE,"IVYBEARS® BOOST BRIGHTENING UNLOCK are vitamin gummies that harnessed the power of advanced scientific research and natural ingredients. They are made with PhytoflORAL (Dried Tomato Powder), rich in colourless carotenoids, nature’s skin-brightening antioxidants. Designed to alleviate melasma and hyperpigmentation, giving you a brighter and more even skin tone. Benefits: Inhibits melanin production, Enhance skin radiance, Promotes skin brightening, Protects against UV rays.",https://www.ivybears.de/cdn/shop/files/vb_800x.webp?v=1771910426,"Glucose Syrup, Sugar, Gelatin (Pork), 5.0% Dried Tomato Powder, Acidifier: Citric Acid, Natural Flavours, Glazing Agent: Carnauba Wax.","skin brightening, phytofloral, antioxidants, carotenoids, melasma, hyperpigmentation",Beauty,en
1772786414,IVYBEARS® BOOST BRIGHTENING ADVANCE,ivybears-boost-brightening-advance,https://www.ivybears.de/en/products/boost-brightening-advance,99.91,,TRUE,"IVYBEARS® BOOST BRIGHTENING ADVANCE are vitamin gummies that harnessed the power of advanced scientific research and natural ingredients. They are made with Amino Acid and L-Cysteine, which boosts the liver’s production of Glutathione. Contains Vitamins A, C, E & Niacin and Selenium. Benefits: Inhibits melanin production, Enhance skin radiance, Promotes skin brightening, Protects against UV rays.",https://www.ivybears.de/cdn/shop/files/vb_800x.webp?v=1771910426,"Glucose Syrup, Sugar, Gelatin, Acidifier: Citric Acid, Vitamin C, L-Cysteine, Niacin, Vitamin E, Vitamin A, Selenium, Natural Flavour, Glazing Agent: Carnauba Wax.","skin brightening, l-cysteine, glutathione, amino acid, vitamin c, selenium",Beauty,en
1772786415,IVYBEARS® APPLE CIDER VINEGAR,ivybears-apple-cider-vinegar,https://www.ivybears.de/en/products/apple-cider-vinegar,19.90,,TRUE,"IVYBEARS® APPLE CIDER VINEGAR are packed with the power of apple cider vinegar, pomegranate, and beet root to support your body’s natural balance and overall wellness. Natural energy & wellness. Support energy production, reduce tiredness, and promote overall well-being. Powerful plant-based boost. Pomegranate juice powder and beet root powder provide natural antioxidants to support your body from within. Contains 600mg Apple Cider Vinegar (5% Acetic Acid), Folic Acid, and Vitamin B12.",https://www.ivybears.de/cdn/shop/files/2026-acv-1-1_800x.webp?v=1772004304,"Glucose Syrup, Cane Sugar, Purified Water, Pectin, Citric Acid, Trisodium Citrate, Flavour, Colourant, Carnauba Wax.","apple cider vinegar, acv, pomegranate, beet root, energy, wellness, antioxidants, vitamin b12, folic acid",Health,en
1772786416,IVYBEARS® VITAMIN D,ivybears-vitamin-d,https://www.ivybears.de/en/products/vitamin-d,19.90,,TRUE,"IVYBEARS® VITAMIN D provides a powerful dose of Vitamin D (5000 IU) to support bone health, muscle function, and a strong immune system. Boosts muscle health, plays a vital role in supporting muscle function and strength. Supports immune system, contributes to normal immune function to keep your defences strong. Strong bones & teeth, promotes calcium absorption, helping to maintain bone density and dental health.",https://www.ivybears.de/cdn/shop/files/2026-vitamind-1-1_800x.webp?v=1772004304,"Glucose Syrup, Cane Sugar, Purified Water, Pectin, Citric Acid, Trisodium Citrate, Flavour, Colourant, Carnauba Wax.","vitamin d, vitamin d3, bone health, muscle function, immune system, calcium absorption, 5000 IU",Health,en
1772786417,IVYBEARS® IRON,ivybears-iron,https://www.ivybears.de/en/products/iron,19.90,,TRUE,"IVYBEARS® IRON are specially formulated with iron and zinc to support normal blood formation, reduce tiredness and fatigue, and contribute to overall vitality. Strengthens immunity & cell health, supports a healthy immune system and contributes to normal cell function. Fights fatigue, helps reduce tiredness and contributes to sustained energy levels. Supports healthy blood formation, iron helps produce hemoglobin, which carries oxygen throughout the body.",https://www.ivybears.de/cdn/shop/files/2026-iron-1-1_800x.webp?v=1772004304,"Glucose Syrup, Cane Sugar, Purified Water, Pectin, Citric Acid, Trisodium Citrate, Flavour, Colourant, Carnauba Wax.","iron, zinc, immunity, blood formation, fatigue, energy, hemoglobin",Health,en
1772786418,IVYBEARS® BOOST PROBIOTICS,ivybears-boost-probiotics,https://www.ivybears.de/en/products/boost-probiotics,19.90,,TRUE,"IVYBEARS® BOOST PROBIOTICS are packed with Probiotics Blend (10 Billion CFU) to help restore gut balance and contribute to smoother digestion. Probiotics play a key role in supporting the body’s natural immune defences. Helps maintain balanced gut flora and supports healthy digestion. Contains Lactobacillus helveticus, Bifidobacterium longum, and Lactobacillus plantarum.",https://www.ivybears.de/cdn/shop/files/2026-probiotics-1-1_800x.webp?v=1772004304,"Glucose Syrup, Cane Sugar, Purified Water, Pectin, Citric Acid, Trisodium Citrate, Flavour, Colourant, Carnauba Wax.","probiotics, gut health, digestion, immune defence, gut flora, 10 billion cfu, lactobacillus, bifidobacterium",Health,en
